<?xml version="1.0" encoding="UTF-8"?>
<project-private xmlns="http://www.netbeans.org/ns/project-private/1">
    <editor-bookmarks xmlns="http://www.netbeans.org/ns/editor-bookmarks/2" lastBookmarkId="0"/>
    <open-files xmlns="http://www.netbeans.org/ns/projectui-open-files/2">
        <group>
            <file>file:/C:/Users/21007487/Documents/NetBeansProjects/Vacation%20Countries/src/vacation/countries/testVacationPlanner.java</file>
            <file>file:/C:/Users/21007487/Documents/NetBeansProjects/Vacation%20Countries/src/vacation/countries/VacationPlanner.java</file>
        </group>
    </open-files>
</project-private>
